<?xml version='1.0'?>
<home version='6000' exportFlags='17' name='Haus_Rene_V4_3.sh3d' camera='topCamera' selectedLevel='level0' wallHeight='250.0'>
  <environment groundColor='00A8A8A8' skyColor='00CCE4FC' lightColor='00DADADA'>
    <texture attribute='groundTexture' name='Rasen' creator='eTeks' catalogId='eTeks#grass' width='30.0' height='30.0' image='0'/>
    <texture attribute='skyTexture' name='Bewölkt' creator='eTeks' catalogId='eTeks#cloudy' width='100.0' height='27.6' image='1'/>
  </environment>
  <observerCamera attribute='observerCamera' lens='PINHOLE' x='373.0389' y='-537.83655' z='170.0' yaw='-3.8796115' pitch='-0.04865047' fieldOfView='1.0995575' time='1556366400000' fixedSize='true'/>
  <camera attribute='topCamera' lens='PINHOLE' x='1490.4149' y='-149.81538' z='2043.5386' yaw='-48.832527' pitch='0.9499998' fieldOfView='1.0995575' time='1556366400000'/>
  <level id='level0' name='Gelände' elevation='0.0' floorThickness='20.0' height='0.1' elevationIndex='0'/>
  <level id='level1' name='Fundament' elevation='0.0' floorThickness='20.0' height='100.0' elevationIndex='1' visible='false'/>
  <level id='level2' name='Grenze' elevation='0.0' floorThickness='20.0' height='0.1' elevationIndex='2' visible='false' viewable='false'/>
  <level id='level3' name='Erdgeschoß' elevation='120.0' floorThickness='20.0' height='260.0' elevationIndex='0' visible='false'/>
  <level id='level4' name='Niveau 2' elevation='400.0' floorThickness='20.0' height='260.0' elevationIndex='0' visible='false'/>
  <level id='level5' name='Niveau 3' elevation='680.0' floorThickness='20.0' height='260.0' elevationIndex='0' visible='false'/>
  <doorOrWindow level='level4' catalogId='eTeks#frenchWindow85x200' name='Französisches Fenster' creator='eTeks' model='3' x='376.6138' y='-939.8755' elevation='11.0' angle='4.712389' width='70.0' depth='40.80075' height='210.0' modelSize='9824' movable='false' cutOutShape='M0,0 v1 h1 v-1 z' wallCutOutOnBothSides='true'/>
  <doorOrWindow level='level4' catalogId='Scopia#door' name='Tür' creator='Scopia' model='5/door.obj' x='640.7974' y='-1051.122' width='96.0' depth='30.334084' height='210.0' modelSize='146649' movable='false' cutOutShape='M0,0 v1 h1 v-1 z' wallCutOutOnBothSides='true'/>
  <doorOrWindow level='level4' catalogId='Scopia#door' name='Tür' creator='Scopia' model='5/door.obj' x='757.63605' y='-946.88354' angle='4.712389' width='96.0' depth='30.334084' height='210.0' modelMirrored='true' modelSize='146649' movable='false' cutOutShape='M0,0 v1 h1 v-1 z' wallCutOutOnBothSides='true'/>
  <doorOrWindow level='level4' catalogId='Scopia#door' name='Tür' creator='Scopia' model='5/door.obj' x='757.63605' y='-750.4774' angle='4.712389' width='96.0' depth='30.334084' height='210.0' modelSize='146649' movable='false' cutOutShape='M0,0 v1 h1 v-1 z' wallCutOutOnBothSides='true'/>
  <doorOrWindow level='level4' catalogId='Scopia#door' name='Tür' creator='Scopia' model='5/door.obj' x='688.4111' y='-680.0813' width='96.0' depth='30.334084' height='210.0' modelSize='146649' movable='false' cutOutShape='M0,0 v1 h1 v-1 z' wallCutOutOnBothSides='true'/>
  <pieceOfFurniture level='level4' catalogId='Blend Swap CC-0#bedWithTexture' name='Bett' creator='Nhumrod' model='7/bedWithTexture.obj' x='1009.0138' y='-1248.0259' angle='1.5707964' width='198.0' depth='226.40001' height='76.5' modelSize='2024020'/>
  <pieceOfFurniture level='level4' catalogId='Blend Swap CC-0#wardrobeWithSlidingDoors' name='Kleiderschrank' creator='Ashaihullin' model='9/wardrobeWithSlidingDoors.obj' x='1034.1489' y='-868.85754' angle='3.1415927' width='170.0' depth='65.0' height='236.40001' modelSize='52450'/>
  <pieceOfFurniture level='level4' catalogId='Blend Swap CC-0#wardrobeWithSlidingDoors' name='Kleiderschrank' creator='Ashaihullin' model='9/wardrobeWithSlidingDoors.obj' x='1022.71387' y='-1024.0284' angle='1.7484555E-7' width='201.0' depth='45.0' height='236.40001' modelSize='52450'/>
  <pieceOfFurniture level='level4' catalogId='Blend Swap CC-0#wardrobeWithSlidingDoors' name='Kleiderschrank' creator='Ashaihullin' model='9/wardrobeWithSlidingDoors.obj' x='864.149' y='-868.85754' angle='3.1415927' width='170.0' depth='65.0' height='236.40001' modelSize='52450'/>
  <pieceOfFurniture level='level4' catalogId='OlaKristianHoff#bathtub_jet_system' name='Badewanne' creator='Ola-Kristian Hoff' model='11/bathtub_jet_system.obj' x='547.90875' y='-675.82355' angle='4.712389' width='160.0' depth='70.0' height='58.0' modelSize='188672'/>
  <pieceOfFurniture level='level4' catalogId='Snduc#bacADouchePlat' name='Duschkabine' creator='Snduc' model='13' x='438.41547' y='-717.68066' width='90.0' depth='90.0' height='6.5' modelRotation='0 0 1 0 1 0 -1 0 0' modelSize='29607' movable='false'/>
  <pieceOfFurniture level='level4' catalogId='Blend Swap CC-0#shower' name='Duschkopf und Wasserhahn' creator='Wfg5001' model='15/shower.obj' x='442.50153' y='-735.78064' elevation='115.0' width='20.800001' depth='53.8' height='114.3' modelSize='96924' movable='false'/>
  <pieceOfFurniture level='level4' catalogId='OlaKristianHoff#toilet_hang_round' name='An der Wand befestigte Toilette' creator='Ola-Kristian Hoff' model='17/toilet_hang_round.obj' x='428.28665' y='-413.9895' elevation='16.0' angle='3.1415927' width='38.0' depth='56.5' height='82.0' modelSize='61244'/>
  <pieceOfFurniture level='level4' catalogId='Blend Swap CC-BY#radiatorAndTowels' name='Heizkörper' creator='Gianmariaveronese' model='19/radiatorAndTowels.obj' x='601.9054' y='-391.7395' angle='3.1415927' width='60.0' depth='10.0' height='154.0' modelSize='898563'/>
  <pieceOfFurniture level='level4' catalogId='Blend Swap CC-0#toiletPaperDispenser' name='Toilettenpapierhalter' creator='Nhumrod' model='21/toiletPaperDispenser.obj' x='391.41382' y='-423.65594' elevation='60.0' angle='4.712389' width='15.6' depth='10.400001' height='18.5' modelSize='848258'/>
  <pieceOfFurniture level='level4' catalogId='Scopia#double_vanity' name='Doppelwaschtisch' creator='Scopia' model='23/double_vanity.obj' x='703.877' y='-516.19995' angle='1.5707964' width='140.0' widthInPlan='139.99998' depth='64.0' height='225.40001' modelSize='1245998' movable='false'/>
  <pieceOfFurniture level='level4' catalogId='Scopia#clothes-basket' name='Wäschekorb' creator='Scopia' model='25/clothes-basket.obj' x='708.97705' y='-413.68945' angle='1.5707964' width='53.9' depth='53.8' height='67.4' modelSize='215056'/>
  <pieceOfFurniture level='level4' catalogId='Blend Swap CC-BY#bedsideTable' name='Nachttisch' creator='SirOccor' model='27/bedsideTable.obj' x='1101.5138' y='-1139.897' angle='1.5707964' width='50.0' depth='41.4' height='48.0' modelSize='46744'/>
  <pieceOfFurniture level='level4' catalogId='Blend Swap CC-BY#bedsideTable' name='Nachttisch' creator='SirOccor' model='27/bedsideTable.obj' x='1101.5138' y='-1363.0984' angle='1.5707964' width='50.0' depth='41.4' height='48.0' modelSize='46744'/>
  <pieceOfFurniture level='level4' catalogId='Snduc#petiteCommode' name='Kleine Kiste' creator='Snduc' model='29' x='785.22955' y='-1376.2395' angle='4.712389' width='121.0' depth='46.0' height='83.0' modelSize='966756'/>
  <doorOrWindow level='level4' catalogId='eTeks#window85x123' name='Kleines Fenster' creator='eTeks' model='31' x='1131.8137' y='-954.39246' elevation='70.0' angle='1.5707964' width='60.0' depth='40.80075' height='134.0' modelSize='9333' movable='false' cutOutShape='M0,0 v1 h1 v-1 z' wallCutOutOnBothSides='true'/>
  <pieceOfFurniture level='level4' catalogId='OlaKristianHoff#staircase_handrail_hor' name='Geländer' creator='Ola-Kristian Hoff' model='33/staircase_handrail_hor.obj' x='577.26385' y='-967.86646' angle='4.712389' width='162.0' depth='0.1' depthInPlan='0.10000001' height='87.8' modelSize='31473' movable='false'/>
  <doorOrWindow level='level3' catalogId='eTeks#door' name='Tür' creator='eTeks' model='35' x='589.2298' y='-592.6416' angle='4.712389' width='91.5' depth='25.134085' height='208.5' modelSize='14086' movable='false' cutOutShape='M0,0 v1 h1 v-1 z' wallCutOutOnBothSides='true'/>
  <doorOrWindow level='level3' catalogId='eTeks#door' name='Tür' creator='eTeks' model='35' x='589.2298' y='-710.1282' angle='4.712389' width='91.5' depth='25.134085' height='208.5' modelSize='14086' movable='false' cutOutShape='M0,0 v1 h1 v-1 z' wallCutOutOnBothSides='true'/>
  <pieceOfFurniture level='level3' catalogId='eTeks#toiletUnit' name='Toilette' creator='eTeks' model='37' x='426.3808' y='-594.968' angle='4.712389' width='40.0' depth='80.0' height='62.0' modelSize='125874' movable='false'/>
  <pieceOfFurniture level='level3' catalogId='eTeks#washbasin' name='Waschbecken' creator='eTeks' model='39' x='506.80847' y='-552.5405' angle='3.1415927' width='30.0' depth='20.0' height='97.0' modelSize='239991' movable='false'/>
  <doorOrWindow level='level3' catalogId='eTeks#doorFrame' name='Türrahmen' creator='eTeks' model='41' x='755.8966' y='-855.79' angle='1.5707964' width='170.0' depth='16.467415' height='208.5' modelSize='1281' movable='false' cutOutShape='M0,0 v1 h1 v-1 z' wallCutOutOnBothSides='true'/>
  <doorOrWindow level='level3' catalogId='Scopia#window_3x1' name='Französisches Dreifachfenster' creator='Scopia' model='43/window_3x1.obj' x='941.5969' y='-1446.8851' width='241.0' depth='39.42932' height='218.0' modelSize='59989' movable='false' cutOutShape='M0,0 v1 h1 v-1 z' wallCutOutOnBothSides='true'/>
  <doorOrWindow level='level3' catalogId='OlaKristianHoff#window_shop' name='Ladenfenster' creator='Ola-Kristian Hoff' model='45/window_shop.obj' x='563.17993' y='-1451.5994' elevation='90.0' width='200.0' depth='30.00075' height='130.0' modelSize='3355' movable='false' cutOutShape='M0,0 v1 h1 v-1 z' wallCutOutOnBothSides='true'/>
  <doorOrWindow level='level3' catalogId='eTeks#window85x123' name='Kleines Fenster' creator='eTeks' model='31' x='372.05875' y='-593.7095' elevation='165.0' angle='4.712389' width='40.0' depth='30.0' height='60.0' modelSize='9333' movable='false' cutOutShape='M0,0 v1 h1 v-1 z' wallCutOutOnBothSides='true'/>
  <doorOrWindow level='level3' catalogId='eTeks#window85x123' name='Kleines Fenster' creator='eTeks' model='31' x='519.22015' y='-375.99936' elevation='100.0' angle='3.1415927' width='60.0' depth='30.0' height='100.0' modelSize='9333' movable='false' cutOutShape='M0,0 v1 h1 v-1 z' wallCutOutOnBothSides='true'/>
  <pieceOfFurniture level='level3' name='stairs_180_circular_notopstep_rail' model='47/stairs_180_circular_notopstep_rail.obj' x='482.21387' y='-911.52844' angle='4.712389' width='270.0' depth='190.0' height='355.30002' modelMirrored='true' modelSize='165658' movable='false' staircaseCutOutShape='M0,0 v1 h1 v-1 z'/>
  <pieceOfFurniture level='level3' catalogId='Geantick#dresser' name='Anrichte' creator='Geantick' model='49' x='1099.6309' y='-788.50354' angle='1.5707964' width='151.0' depth='45.5' height='62.0' modelSize='37377'/>
  <light level='level3' catalogId='eTeks#lamp' name='Lampe' creator='eTeks' model='51' x='1100.3809' y='-791.35596' elevation='62.0' angle='1.5707964' width='44.0' depth='44.0' height='49.9' modelSize='21749'/>
  <pieceOfFurniture level='level3' catalogId='eTeks#table' name='Tisch' creator='eTeks' model='53' x='988.82764' y='-981.89056' angle='1.5707964' width='198.0' depth='88.0' height='75.0' color='FFA26000' modelSize='5486'/>
  <pieceOfFurniture level='level3' catalogId='eTeks#chair' name='Stuhl' creator='eTeks' model='55' x='901.99554' y='-1048.3987' angle='4.712389' width='46.0' depth='54.0' height='95.0' modelSize='3025'/>
  <pieceOfFurniture level='level3' catalogId='eTeks#chair' name='Stuhl' creator='eTeks' model='55' x='901.99554' y='-988.4326' angle='4.712389' width='46.0' depth='54.0' height='95.0' modelSize='3025'/>
  <pieceOfFurniture level='level3' catalogId='eTeks#chair' name='Stuhl' creator='eTeks' model='55' x='901.99554' y='-930.8979' angle='4.712389' width='46.0' depth='54.0' height='95.0' modelSize='3025'/>
  <pieceOfFurniture level='level3' catalogId='eTeks#chair' name='Stuhl' creator='eTeks' model='55' x='1066.8003' y='-932.3466' angle='1.5707964' width='46.0' depth='54.0' height='95.0' modelSize='3025'/>
  <pieceOfFurniture level='level3' catalogId='eTeks#chair' name='Stuhl' creator='eTeks' model='55' x='1068.1702' y='-1052.9016' angle='1.5707964' width='46.0' depth='54.0' height='95.0' modelSize='3025'/>
  <pieceOfFurniture level='level3' catalogId='eTeks#chair' name='Stuhl' creator='eTeks' model='55' x='1067.6208' y='-990.4336' angle='1.5707964' width='46.0' depth='54.0' height='95.0' modelSize='3025'/>
  <pieceOfFurniture level='level3' catalogId='eTeks#stool' name='Hocker' creator='eTeks' model='57' x='1030.4575' y='-666.50226' width='40.0' depth='40.0' height='90.0' modelSize='19756'/>
  <pieceOfFurniture level='level3' catalogId='eTeks#stool' name='Hocker' creator='eTeks' model='57' x='974.5331' y='-667.40607' width='40.0' depth='40.0' height='90.0' modelSize='19756'/>
  <pieceOfFurniture level='level3' catalogId='eTeks#fridgeFreezer' name='Gefrierkombination' creator='eTeks' model='59' x='795.39655' y='-599.59937' angle='4.712389' width='60.0' depth='66.0' height='230.0' modelSize='26363'/>
  <pieceOfFurniture level='level3' catalogId='eTeks#fridgeFreezer' name='Gefrierkombination' creator='eTeks' model='59' x='795.39655' y='-539.59937' angle='4.712389' width='60.0' depth='66.0' height='230.0' modelSize='26363'/>
  <pieceOfFurniture level='level3' catalogId='eTeks#fridgeFreezer' name='Gefrierkombination' creator='eTeks' model='59' x='795.39655' y='-479.59937' angle='4.712389' width='60.0' depth='66.0' height='230.0' modelSize='26363'/>
  <pieceOfFurniture level='level3' catalogId='eTeks#kitchenCabinet' name='Küchenschrank' creator='eTeks' model='61' x='912.3808' y='-417.59937' angle='3.1415927' width='60.0' depth='64.0' height='85.0' modelSize='11366' movable='false'/>
  <pieceOfFurniture level='level3' catalogId='eTeks#sink' name='Spülbecken' creator='eTeks' model='63' x='1002.38086' y='-417.59937' angle='3.1415927' width='120.0' depth='64.0' height='105.700005' modelSize='41849' movable='false'/>
  <pieceOfFurniture level='level3' catalogId='eTeks#kitchenCabinet' name='Küchenschrank' creator='eTeks' model='61' x='1090.3809' y='-467.09937' angle='1.5707964' width='35.0' depth='64.0' height='85.0' modelSize='11366' movable='false'/>
  <pieceOfFurniture level='level3' catalogId='eTeks#kitchenCabinet' name='Küchenschrank' creator='eTeks' model='61' x='1092.3809' y='-417.59937' angle='3.1415927' width='60.0' depth='64.0' height='85.0' modelSize='11366' movable='false'/>
  <pieceOfFurniture level='level3' catalogId='eTeks#kitchenCabinet' name='Küchenschrank' creator='eTeks' model='61' x='852.3808' y='-417.59937' angle='3.1415927' width='60.0' depth='64.0' height='85.0' modelSize='11366' movable='false'/>
  <pieceOfFurniture level='level3' catalogId='eTeks#bookcase' name='Bücherregal' creator='eTeks' model='65' x='795.39655' y='-644.59937' angle='3.1415927' width='66.0' depth='30.0' height='200.0' modelSize='3516'/>
  <pieceOfFurniture level='level3' catalogId='eTeks#cooker' name='Ofen' creator='eTeks' model='67' x='1091.3809' y='-515.3416' angle='1.5707964' width='60.0' depth='62.0' height='85.0' modelSize='42013'/>
  <pieceOfFurniture level='level3' catalogId='eTeks#kitchenCabinet' name='Küchenschrank' creator='eTeks' model='61' x='1092.3809' y='-616.7851' angle='3.1415927' width='60.0' depth='64.0' height='85.0' modelSize='11366' movable='false'/>
  <pieceOfFurniture level='level3' catalogId='eTeks#kitchenCabinet' name='Küchenschrank' creator='eTeks' model='61' x='972.3013' y='-582.34436' width='60.0' depth='64.0' height='85.0' modelSize='11366' movable='false'/>
  <pieceOfFurniture level='level3' catalogId='eTeks#kitchenCabinet' name='Küchenschrank' creator='eTeks' model='61' x='1032.3013' y='-581.92004' width='60.0' depth='64.0' height='85.0' modelSize='11366' movable='false'/>
  <pieceOfFurniture level='level3' catalogId='eTeks#kitchenCabinet' name='Küchenschrank' creator='eTeks' model='61' x='1092.3809' y='-567.2849' angle='1.5707964' width='35.0' depth='60.0' height='85.0' modelSize='11366' movable='false'/>
  <pieceOfFurniture level='level3' catalogId='eTeks#kitchenCabinet' name='Küchenschrank' creator='eTeks' model='61' x='1032.3809' y='-631.219' angle='3.1415927' width='60.0' depth='35.0' height='85.0' modelSize='11366' movable='false'/>
  <pieceOfFurniture level='level3' catalogId='eTeks#kitchenCabinet' name='Küchenschrank' creator='eTeks' model='61' x='972.1791' y='-631.34973' angle='3.1415927' width='60.0' depth='35.0' height='85.0' modelSize='11366' movable='false'/>
  <pieceOfFurniture level='level3' catalogId='eTeks#hood' name='Dunstabzugshaube' creator='eTeks' model='69' x='1096.0808' y='-515.22485' elevation='156.0' angle='1.5707964' width='60.0' depth='52.600002' height='94.0' modelSize='10536'/>
  <pieceOfFurniture level='level3' catalogId='eTeks#kitchenCabinet' name='Küchenschrank' creator='eTeks' model='61' x='925.3012' y='-599.16345' angle='1.5707964' width='99.0' depth='35.0' height='85.0' modelSize='11366' movable='false'/>
  <pieceOfFurniture level='level3' catalogId='eTeks#kitchenUpperCabinet' name='Oberschrank' creator='eTeks' model='71' x='1102.3308' y='-575.22485' elevation='145.0' angle='1.5707964' width='60.0' depth='40.100002' height='86.200005' modelSize='11850'/>
  <pieceOfFurniture level='level3' catalogId='eTeks#kitchenUpperCabinet' name='Oberschrank' creator='eTeks' model='71' x='953.6802' y='-405.64935' elevation='145.0' angle='3.1415927' width='60.0' depth='40.100002' height='86.200005' modelSize='11850'/>
  <pieceOfFurniture level='level3' catalogId='eTeks#kitchenUpperCabinet' name='Oberschrank' creator='eTeks' model='71' x='893.6802' y='-405.64935' elevation='145.0' angle='3.1415927' width='60.0' depth='40.100002' height='86.200005' modelSize='11850'/>
  <doorOrWindow level='level3' catalogId='eTeks#doubleWindow126x163' name='Doppelfenster' creator='eTeks' model='73' x='1061.4666' y='-375.99936' elevation='90.0' angle='3.1415927' width='110.0' depth='40.80075' height='110.0' modelSize='13650' movable='false' cutOutShape='M0,0 v1 h1 v-1 z' wallCutOutOnBothSides='true'/>
  <pieceOfFurniture level='level3' catalogId='Scopia#furnace' name='Kaminofen' creator='Scopia' model='75/furnace.obj' x='715.5399' y='-1108.2383' angle='3.1415927' width='66.6' depth='97.700005' height='125.6' modelSize='130647' movable='false'/>
  <pieceOfFurniture level='level3' catalogId='eTeks#cornerSofa' name='Ecksofa' creator='eTeks' model='77' x='571.5027' y='-1339.734' width='295.0' depth='170.0' height='87.0' modelMirrored='true' color='FF3D3D3D' modelSize='364199'/>
  <pieceOfFurniture level='level3' catalogId='eTeks#armchair' name='Lehnsessel' creator='eTeks' model='79' x='801.8417' y='-1284.0105' angle='1.3089969' width='87.0' depth='92.0' height='87.0' modelSize='104093'/>
  <pieceOfFurniture level='level3' catalogId='eTeks#coffeeTable' name='Couchtisch' creator='eTeks' model='81' x='596.0337' y='-1260.6936' angle='3.1415927' width='125.0' depth='46.0' height='40.0' modelSize='9814'/>
  <pieceOfFurniture level='level3' catalogId='eTeks#plant' name='Dekoration' creator='eTeks' model='83' x='770.82764' y='-1378.8479' angle='1.5707964' width='58.0' depth='50.0' height='82.0' modelSize='113183'/>
  <pieceOfFurniture level='level3' catalogId='eTeks#glassDoorCabinet' name='Claudi Schrank Maße checken' creator='eTeks' model='85' x='1103.0308' y='-1286.1991' angle='1.5707964' width='70.0' depth='38.7' height='198.2' modelSize='44252'/>
  <pieceOfFurniture level='level3' catalogId='eTeks#flatTV' name='Flachbildfernseher' creator='eTeks' model='87' x='560.01306' y='-1074.3883' angle='3.1415927' width='121.0' depth='30.0' height='79.3' modelSize='13041'/>
  <doorOrWindow level='level3' catalogId='eTeks#doubleWindow126x163' name='Doppelfenster' creator='eTeks' model='73' x='1131.9807' y='-997.1288' elevation='90.0' angle='1.5707964' width='160.0' depth='40.80075' height='110.0' modelSize='13650' movable='false' cutOutShape='M0,0 v1 h1 v-1 z' wallCutOutOnBothSides='true'/>
  <light level='level3' catalogId='eTeks#pendantLamp' name='Hängeleuchte' creator='eTeks' model='89' x='988.3711' y='-980.61456' elevation='200.0' width='60.0' depth='60.0' height='80.0' modelSize='15723'/>
  <pieceOfFurniture level='level4' catalogId='eTeks#dresser' name='Anrichte' creator='eTeks' model='91' x='562.7909' y='-1419.2395' width='200.0' depth='35.0' height='70.0' modelSize='22106'/>
  <pieceOfFurniture level='level4' catalogId='eTeks#desk' name='Schreibtisch So' creator='eTeks' model='93' x='426.2138' y='-1338.324' angle='4.712389' width='120.0' depth='80.0' height='72.0' modelSize='16760'/>
  <pieceOfFurniture level='level4' catalogId='eTeks#filledBookcase' name='Billy kl So' creator='eTeks' model='95' x='426.2138' y='-1264.324' angle='3.1415927' width='80.0' depth='28.0' height='106.0' color='FFFCFDFF' modelSize='50961'/>
  <pieceOfFurniture level='level4' catalogId='eTeks#plant' name='Dekoration' creator='eTeks' model='83' x='415.2138' y='-1186.0027' width='58.0' depth='50.0' height='82.0' modelSize='113183'/>
  <pieceOfFurniture level='level4' catalogId='eTeks#bookcase' name='Billy So' creator='eTeks' model='65' x='735.22955' y='-1119.5284' angle='4.712389' width='40.0' depth='28.0' height='202.0' color='FFFCFDFF' modelSize='3516'/>
  <pieceOfFurniture level='level4' catalogId='eTeks#bookcase' name='Billy So' creator='eTeks' model='65' x='735.22955' y='-1079.5284' angle='1.5707964' width='40.0' depth='28.0' height='202.0' color='FFFCFDFF' modelSize='3516'/>
  <pieceOfFurniture level='level4' catalogId='eTeks#bed' name='Bett Sonja' creator='eTeks' model='97' x='705.22955' y='-1294.0568' width='88.0' depth='210.0' height='80.0' modelSize='24868'/>
  <doorOrWindow level='level4' catalogId='OlaKristianHoff#window_shop' name='Ladenfenster' creator='Ola-Kristian Hoff' model='45/window_shop.obj' x='563.01294' y='-1451.7395' elevation='90.0' width='200.0' depth='30.00075' height='130.0' modelSize='3355' movable='false' cutOutShape='M0,0 v1 h1 v-1 z' wallCutOutOnBothSides='true'/>
  <doorOrWindow level='level4' catalogId='OlaKristianHoff#window_shop' name='Ladenfenster' creator='Ola-Kristian Hoff' model='45/window_shop.obj' x='1017.44116' y='-1451.7395' width='90.0' depth='30.00075' height='220.0' modelSize='3355' movable='false' cutOutShape='M0,0 v1 h1 v-1 z' wallCutOutOnBothSides='true'/>
  <doorOrWindow level='level4' catalogId='eTeks#doubleWindow126x163' name='Doppelfenster' creator='eTeks' model='73' x='1013.2918' y='-365.3395' elevation='85.0' angle='1.7484555E-7' width='200.0' depth='40.80075' height='120.0' modelSize='13650' movable='false' cutOutShape='M0,0 v1 h1 v-1 z' wallCutOutOnBothSides='true'/>
  <doorOrWindow level='level4' catalogId='eTeks#window85x163' name='Fenster' creator='eTeks' model='99' x='1131.8137' y='-432.8877' elevation='85.0' angle='1.5707964' width='80.0' depth='40.80075' height='110.0' modelSize='8910' movable='false' cutOutShape='M0,0 v1 h1 v-1 z' wallCutOutOnBothSides='true'/>
  <doorOrWindow level='level3' catalogId='eTeks#window85x123' name='Kleines Fenster' creator='eTeks' model='31' x='111.54578' y='-1151.0835' elevation='165.0' width='40.0' depth='27.20075' height='60.0' modelSize='9333' movable='false' cutOutShape='M0,0 v1 h1 v-1 z' wallCutOutOnBothSides='true'/>
  <doorOrWindow level='level4' catalogId='eTeks#doubleWindow126x163' name='Doppelfenster' creator='eTeks' model='73' x='587.8457' y='-365.3395' elevation='110.0' angle='1.7484555E-7' width='200.0' depth='40.80075' height='100.0' modelSize='13650' movable='false' cutOutShape='M0,0 v1 h1 v-1 z' wallCutOutOnBothSides='true'/>
  <doorOrWindow level='level3' catalogId='eTeks#window85x163' name='Fenster' creator='eTeks' model='99' x='1131.9807' y='-432.74753' elevation='85.0' angle='1.5707964' width='80.0' depth='40.80075' height='110.0' modelSize='8910' movable='false' cutOutShape='M0,0 v1 h1 v-1 z' wallCutOutOnBothSides='true'/>
  <light level='level3' catalogId='eTeks#fireglowLightSource' name='Feuerschein-Lichtquelle' creator='eTeks' model='101' x='719.31616' y='-1150.386' elevation='220.0' width='10.0' depth='10.0' height='10.0' modelSize='1286' horizontallyRotatable='false' deformable='false' texturable='false'/>
  <light level='level3' catalogId='Scopia#ceiling-lamp' name='Deckenlampe' creator='Scopia' model='104/ceiling-lamp.obj' x='667.1425' y='-979.0495' elevation='244.6' width='30.0' depth='30.0' height='5.4' modelSize='96982'/>
  <light level='level3' catalogId='Scopia#ceiling-lamp' name='Deckenlampe' creator='Scopia' model='104/ceiling-lamp.obj' x='672.65155' y='-782.29755' elevation='244.6' width='30.0' depth='30.0' height='5.4' modelSize='96982'/>
  <light level='level3' catalogId='Scopia#ceiling-lamp' name='Deckenlampe' creator='Scopia' model='104/ceiling-lamp.obj' x='491.63977' y='-710.6798' elevation='244.6' width='30.0' depth='30.0' height='5.4' modelSize='96982'/>
  <light level='level3' catalogId='Scopia#ceiling-lamp' name='Deckenlampe' creator='Scopia' model='104/ceiling-lamp.obj' x='497.93585' y='-576.10144' elevation='244.6' width='30.0' depth='30.0' height='5.4' modelSize='96982'/>
  <light level='level3' catalogId='Scopia#ceiling-lamp' name='Deckenlampe' creator='Scopia' model='104/ceiling-lamp.obj' x='480.6217' y='-460.41138' elevation='244.6' width='30.0' depth='30.0' height='5.4' modelSize='96982'/>
  <light level='level3' catalogId='Scopia#ceiling-lamp' name='Deckenlampe' creator='Scopia' model='104/ceiling-lamp.obj' x='672.65155' y='-527.307' elevation='244.6' width='30.0' depth='30.0' height='5.4' modelSize='96982'/>
  <doorOrWindow level='level3' catalogId='eTeks#doorFrame' name='Türrahmen' creator='eTeks' model='41' x='634.61694' y='-370.5993' angle='3.1415927' width='100.0' depth='38.00075' height='208.5' modelSize='1281' movable='false' cutOutShape='M0,0 v1 h1 v-1 z' wallCutOutOnBothSides='true'/>
  <wall id='wall0' level='level5' wallAtStart='wall1' wallAtEnd='wall3' xStart='705.92456' yStart='-1000.17535' xEnd='742.9246' yEnd='-1000.17535' height='260.0' thickness='13.0' pattern='hatchUp'/>
  <wall id='wall1' level='level5' wallAtStart='wall2' wallAtEnd='wall0' xStart='705.92456' yStart='-1037.1753' xEnd='705.92456' yEnd='-1000.17535' height='260.0' thickness='13.0' pattern='hatchUp'/>
  <wall id='wall2' level='level5' wallAtStart='wall3' wallAtEnd='wall1' xStart='742.9246' yStart='-1037.1753' xEnd='705.92456' yEnd='-1037.1753' height='260.0' thickness='13.0' pattern='hatchUp'/>
  <wall id='wall3' level='level5' wallAtStart='wall0' wallAtEnd='wall2' xStart='742.9246' yStart='-1000.17535' xEnd='742.9246' yEnd='-1037.1753' height='260.0' thickness='13.0' pattern='hatchUp'/>
  <wall id='wall4' level='level4' wallAtStart='wall6' wallAtEnd='wall5' xStart='371.2138' yStart='-1451.7395' xEnd='1137.2139' yEnd='-1451.7395' height='260.0' thickness='30.0' pattern='hatchUp'/>
  <wall id='wall5' level='level4' wallAtStart='wall4' wallAtEnd='wall11' xStart='1137.2139' yStart='-1451.7395' xEnd='1137.2139' yEnd='-370.7395' height='260.0' thickness='30.0' pattern='hatchUp'/>
  <wall id='wall6' level='level4' wallAtStart='wall7' wallAtEnd='wall4' xStart='371.2138' yStart='-1053.0284' xEnd='371.2138' yEnd='-1451.7395' height='260.0' thickness='30.0' pattern='hatchUp'/>
  <wall id='wall7' level='level4' wallAtStart='wall9' wallAtEnd='wall6' xStart='371.2138' yStart='-649.2252' xEnd='371.2138' yEnd='-1053.0284' height='260.0' thickness='30.0' pattern='hatchUp'>
    <baseboard attribute='rightSideBaseboard' thickness='1.0' height='7.0'>
      <texture name='Graue Fliesen' creator='eTeks' catalogId='eTeks#greyTile' width='31.5' height='31.5' image='108'/>
    </baseboard>
  </wall>
  <wall id='wall8' level='level4' wallAtStart='wall10' wallAtEnd='wall9' xStart='371.2138' yStart='-370.7395' xEnd='371.2138' yEnd='-536.18066' height='260.0' thickness='30.0' pattern='hatchUp' rightSideColor='FFFFFFFF'>
    <baseboard attribute='rightSideBaseboard' thickness='1.0' height='7.0'>
      <texture name='Graue Fliesen' creator='eTeks' catalogId='eTeks#greyTile' width='31.5' height='31.5' image='108'/>
    </baseboard>
  </wall>
  <wall id='wall9' level='level4' wallAtStart='wall8' wallAtEnd='wall7' xStart='371.2138' yStart='-536.18066' xEnd='371.2138' yEnd='-649.2252' height='260.0' thickness='30.0' pattern='hatchUp'/>
  <wall id='wall10' level='level4' wallAtStart='wall11' wallAtEnd='wall8' xStart='755.72955' yStart='-370.7395' xEnd='371.2138' yEnd='-370.7395' height='260.0' thickness='30.0' pattern='hatchUp' rightSideColor='FFFFFFFF'>
    <baseboard attribute='rightSideBaseboard' thickness='1.0' height='7.0'>
      <texture name='Graue Fliesen' creator='eTeks' catalogId='eTeks#greyTile' width='31.5' height='31.5' image='108'/>
    </baseboard>
  </wall>
  <wall id='wall11' level='level4' wallAtStart='wall5' wallAtEnd='wall10' xStart='1137.2139' yStart='-370.7395' xEnd='755.72955' yEnd='-370.7395' height='260.0' thickness='30.0' pattern='hatchUp'/>
  <wall id='wall12' level='level4' xStart='755.72955' yStart='-1451.7395' xEnd='755.72955' yEnd='-379.7395' height='260.0' thickness='13.0' pattern='hatchUp'/>
  <wall id='wall13' level='level4' xStart='755.72955' yStart='-829.85754' xEnd='1137.2139' yEnd='-829.85754' height='260.0' thickness='13.0' pattern='hatchUp'/>
  <wall id='wall14' level='level4' xStart='1137.2139' yStart='-1053.0284' xEnd='849.2138' yEnd='-1053.0284' height='260.0' thickness='13.0' pattern='hatchUp'/>
  <wall id='wall15' level='level4' xStart='371.2138' yStart='-1053.0284' xEnd='755.72955' yEnd='-1053.0284' height='260.0' thickness='13.0' pattern='hatchUp'/>
  <wall id='wall16' level='level4' wallAtEnd='wall17' xStart='371.2138' yStart='-769.18066' xEnd='590.2138' yEnd='-769.18066' height='260.0' thickness='13.0' pattern='hatchUp'/>
  <wall id='wall17' level='level4' wallAtStart='wall16' wallAtEnd='wall18' xStart='590.2138' yStart='-769.18066' xEnd='589.2218' yEnd='-681.9875' height='260.0' thickness='13.0' pattern='hatchUp'/>
  <wall id='wall18' level='level4' wallAtStart='wall17' xStart='589.2218' yStart='-681.9875' xEnd='754.73755' yEnd='-681.9875' height='260.0' thickness='13.0' pattern='hatchUp'/>
  <wall id='wall19' level='level4' xStart='506.40875' yStart='-769.18066' xEnd='506.40875' yEnd='-598.18066' height='260.0' thickness='13.0' pattern='hatchUp'/>
  <wall id='wall20' level='level4' xStart='742.377' yStart='-674.7395' xEnd='742.377' yEnd='-379.7395' height='260.0' thickness='13.0' pattern='hatchUp'/>
  <wall id='wall21' level='level4' xStart='471.77954' yStart='-379.7395' xEnd='471.77954' yEnd='-469.7395' height='150.0' thickness='13.0' pattern='hatchUp'/>
  <wall id='wall22' level='level4' wallAtStart='wall23' wallAtEnd='wall25' xStart='705.37695' yStart='-1000.8374' xEnd='742.377' yEnd='-1000.8374' height='260.0' thickness='13.0' pattern='hatchUp'/>
  <wall id='wall23' level='level4' wallAtStart='wall24' wallAtEnd='wall22' xStart='705.37695' yStart='-1037.8374' xEnd='705.37695' yEnd='-1000.8374' height='260.0' thickness='13.0' pattern='hatchUp'/>
  <wall id='wall24' level='level4' wallAtStart='wall25' wallAtEnd='wall23' xStart='742.377' yStart='-1037.8374' xEnd='705.37695' yEnd='-1037.8374' height='260.0' thickness='13.0' pattern='hatchUp'/>
  <wall id='wall25' level='level4' wallAtStart='wall22' wallAtEnd='wall24' xStart='742.377' yStart='-1000.8374' xEnd='742.377' yEnd='-1037.8374' height='260.0' thickness='13.0' pattern='hatchUp'/>
  <wall id='wall26' level='level3' wallAtStart='wall35' wallAtEnd='wall27' xStart='371.3808' yStart='-1451.5994' xEnd='1137.3809' yEnd='-1451.5994' height='260.0' thickness='30.0' pattern='hatchUp'/>
  <wall id='wall27' level='level3' wallAtStart='wall26' wallAtEnd='wall33' xStart='1137.3809' yStart='-1451.5994' xEnd='1137.3809' yEnd='-370.59937' height='260.0' thickness='30.0' pattern='hatchUp'/>
  <wall id='wall28' level='level3' wallAtEnd='wall29' xStart='385.89655' yStart='-1052.8883' xEnd='755.89655' yEnd='-1052.8883' height='260.0' thickness='13.0' pattern='hatchUp' rightSideColor='FFFFFFFF'>
    <baseboard attribute='rightSideBaseboard' thickness='1.0' height='7.0'>
      <texture name='Graue Fliesen' creator='eTeks' catalogId='eTeks#greyTile' width='31.5' height='31.5' image='108'/>
    </baseboard>
  </wall>
  <wall id='wall29' level='level3' wallAtStart='wall28' xStart='755.89655' yStart='-1052.8883' xEnd='755.89655' yEnd='-370.59937' height='260.0' thickness='13.0' pattern='hatchUp' rightSideColor='FFFFFFFF'>
    <baseboard attribute='rightSideBaseboard' thickness='1.0' height='7.0'>
      <texture name='Graue Fliesen' creator='eTeks' catalogId='eTeks#greyTile' width='31.5' height='31.5' image='108'/>
    </baseboard>
  </wall>
  <wall id='wall30' level='level3' wallAtEnd='wall36' xStart='385.89655' yStart='-536.0405' xEnd='584.89655' yEnd='-536.0405' height='260.0' thickness='13.0' pattern='hatchUp' rightSideColor='FFFFFFFF'>
    <baseboard attribute='rightSideBaseboard' thickness='1.0' height='7.0'>
      <texture name='Graue Fliesen' creator='eTeks' catalogId='eTeks#greyTile' width='31.5' height='31.5' image='108'/>
    </baseboard>
  </wall>
  <wall id='wall31' level='level3' wallAtStart='wall37' xStart='584.89655' yStart='-769.0405' xEnd='524.89655' yEnd='-769.0405' height='260.0' thickness='13.0' pattern='hatchUp' leftSideColor='FFFFFFFF' rightSideColor='FFFFFFFF'>
    <baseboard attribute='leftSideBaseboard' thickness='1.0' height='7.0'>
      <texture name='Graue Fliesen' creator='eTeks' catalogId='eTeks#greyTile' width='31.5' height='31.5' image='108'/>
    </baseboard>
    <baseboard attribute='rightSideBaseboard' thickness='1.0' height='7.0'>
      <texture name='Graue Fliesen' creator='eTeks' catalogId='eTeks#greyTile' width='31.5' height='31.5' image='108'/>
    </baseboard>
  </wall>
  <wall id='wall32' level='level3' xStart='385.89655' yStart='-649.0851' xEnd='584.89655' yEnd='-649.0851' height='260.0' thickness='13.0' pattern='hatchUp' leftSideColor='FFFFFFFF'>
    <baseboard attribute='leftSideBaseboard' thickness='1.0' height='7.0'>
      <texture name='Graue Fliesen' creator='eTeks' catalogId='eTeks#greyTile' width='31.5' height='31.5' image='108'/>
    </baseboard>
  </wall>
  <wall id='wall33' level='level3' wallAtStart='wall27' wallAtEnd='wall34' xStart='1137.3809' yStart='-370.59937' xEnd='755.89655' yEnd='-370.59937' height='260.0' thickness='30.0' pattern='hatchUp'/>
  <wall id='wall34' level='level3' wallAtStart='wall33' wallAtEnd='wall38' xStart='755.89655' yStart='-370.59937' xEnd='371.3808' yEnd='-370.59937' height='260.0' thickness='30.0' pattern='hatchUp' rightSideColor='FFFFFFFF'>
    <baseboard attribute='rightSideBaseboard' thickness='1.0' height='7.0'>
      <texture name='Graue Fliesen' creator='eTeks' catalogId='eTeks#greyTile' width='31.5' height='31.5' image='108'/>
    </baseboard>
  </wall>
  <wall id='wall35' level='level3' wallAtStart='wall40' wallAtEnd='wall26' xStart='371.3808' yStart='-1052.8883' xEnd='371.3808' yEnd='-1451.5994' height='260.0' thickness='30.0' pattern='hatchUp'/>
  <wall id='wall36' level='level3' wallAtStart='wall30' wallAtEnd='wall37' xStart='584.89655' yStart='-536.0405' xEnd='584.89655' yEnd='-649.0851' height='260.0' thickness='13.0' pattern='hatchUp' rightSideColor='FFFFFFFF'>
    <baseboard attribute='rightSideBaseboard' thickness='1.0' height='7.0'>
      <texture name='Graue Fliesen' creator='eTeks' catalogId='eTeks#greyTile' width='31.5' height='31.5' image='108'/>
    </baseboard>
  </wall>
  <wall id='wall37' level='level3' wallAtStart='wall36' wallAtEnd='wall31' xStart='584.89655' yStart='-649.0851' xEnd='584.89655' yEnd='-769.0405' height='260.0' thickness='13.0' pattern='hatchUp' leftSideColor='FFFFFFFF' rightSideColor='FFFFFFFF'>
    <baseboard attribute='leftSideBaseboard' thickness='1.0' height='7.0'>
      <texture name='Graue Fliesen' creator='eTeks' catalogId='eTeks#greyTile' width='31.5' height='31.5' image='108'/>
    </baseboard>
    <baseboard attribute='rightSideBaseboard' thickness='1.0' height='7.0'>
      <texture name='Graue Fliesen' creator='eTeks' catalogId='eTeks#greyTile' width='31.5' height='31.5' image='108'/>
    </baseboard>
  </wall>
  <wall id='wall38' level='level3' wallAtStart='wall34' wallAtEnd='wall39' xStart='371.3808' yStart='-370.59937' xEnd='371.3808' yEnd='-536.0405' height='260.0' thickness='30.0' pattern='hatchUp' rightSideColor='FFFFFFFF'>
    <baseboard attribute='rightSideBaseboard' thickness='1.0' height='7.0'>
      <texture name='Graue Fliesen' creator='eTeks' catalogId='eTeks#greyTile' width='31.5' height='31.5' image='108'/>
    </baseboard>
  </wall>
  <wall id='wall39' level='level3' wallAtStart='wall38' wallAtEnd='wall40' xStart='371.3808' yStart='-536.0405' xEnd='371.3808' yEnd='-649.0851' height='260.0' thickness='30.0' pattern='hatchUp'/>
  <wall id='wall40' level='level3' wallAtStart='wall39' wallAtEnd='wall35' xStart='371.3808' yStart='-649.0851' xEnd='371.3808' yEnd='-1052.8883' height='260.0' thickness='30.0' pattern='hatchUp' rightSideColor='FFFFFFFF'>
    <baseboard attribute='rightSideBaseboard' thickness='1.0' height='7.0'>
      <texture name='Graue Fliesen' creator='eTeks' catalogId='eTeks#greyTile' width='31.5' height='31.5' image='108'/>
    </baseboard>
  </wall>
  <wall id='wall41' level='level3' wallAtEnd='wall42' xStart='584.89655' yStart='-769.0405' xEnd='584.89655' yEnd='-939.0405' height='260.0' thickness='13.0' pattern='hatchUp'/>
  <wall id='wall42' level='level3' wallAtStart='wall41' xStart='584.89655' yStart='-939.0405' xEnd='524.89655' yEnd='-939.0405' height='260.0' thickness='13.0' pattern='hatchUp'/>
  <wall id='wall43' level='level3' wallAtStart='wall46' wallAtEnd='wall44' xStart='705.54395' yStart='-1037.6973' xEnd='705.54395' yEnd='-1000.69727' height='260.0' thickness='13.0' pattern='hatchUp'/>
  <wall id='wall44' level='level3' wallAtStart='wall43' wallAtEnd='wall45' xStart='705.54395' yStart='-1000.69727' xEnd='742.544' yEnd='-1000.69727' height='260.0' thickness='13.0' pattern='hatchUp'/>
  <wall id='wall45' level='level3' wallAtStart='wall44' wallAtEnd='wall46' xStart='742.544' yStart='-1000.69727' xEnd='742.544' yEnd='-1037.6973' height='260.0' thickness='13.0' pattern='hatchUp'/>
  <wall id='wall46' level='level3' wallAtStart='wall45' wallAtEnd='wall43' xStart='742.544' yStart='-1037.6973' xEnd='705.54395' yEnd='-1037.6973' height='260.0' thickness='13.0' pattern='hatchUp'/>
  <wall id='wall47' level='level1' wallAtStart='wall48' wallAtEnd='wall49' xStart='371.47113' yStart='-1452.0237' xEnd='1137.4712' yEnd='-1452.0237' height='100.0' thickness='30.0' pattern='hatchUp' leftSideColor='FFFBFF8E' rightSideColor='FFFBFF8E'/>
  <wall id='wall48' level='level1' wallAtStart='wall54' wallAtEnd='wall47' xStart='371.47113' yStart='-1053.3126' xEnd='371.47113' yEnd='-1452.0237' height='100.0' thickness='30.0' pattern='hatchUp' leftSideColor='FFFBFF8E' rightSideColor='FFFBFF8E'/>
  <wall id='wall49' level='level1' wallAtStart='wall47' wallAtEnd='wall50' xStart='1137.4712' yStart='-1452.0237' xEnd='1137.4712' yEnd='-371.02368' height='100.0' thickness='30.0' pattern='hatchUp' leftSideColor='FFFBFF8E' rightSideColor='FFFBFF8E'/>
  <wall id='wall50' level='level1' wallAtStart='wall49' wallAtEnd='wall51' xStart='1137.4712' yStart='-371.02368' xEnd='755.9869' yEnd='-371.02368' height='100.0' thickness='30.0' pattern='hatchUp' leftSideColor='FFFBFF8E' rightSideColor='FFFBFF8E'/>
  <wall id='wall51' level='level1' wallAtStart='wall50' wallAtEnd='wall52' xStart='755.9869' yStart='-371.02368' xEnd='371.47113' yEnd='-371.02368' height='100.0' thickness='30.0' pattern='hatchUp' leftSideColor='FFFBFF8E' rightSideColor='FFFBFF8E'>
    <baseboard attribute='rightSideBaseboard' thickness='1.0' height='7.0'>
      <texture name='Graue Fliesen' creator='eTeks' catalogId='eTeks#greyTile' width='31.5' height='31.5' image='108'/>
    </baseboard>
  </wall>
  <wall id='wall52' level='level1' wallAtStart='wall51' wallAtEnd='wall53' xStart='371.47113' yStart='-371.02368' xEnd='371.47113' yEnd='-536.46484' height='100.0' thickness='30.0' pattern='hatchUp' leftSideColor='FFFBFF8E' rightSideColor='FFFBFF8E'>
    <baseboard attribute='rightSideBaseboard' thickness='1.0' height='7.0'>
      <texture name='Graue Fliesen' creator='eTeks' catalogId='eTeks#greyTile' width='31.5' height='31.5' image='108'/>
    </baseboard>
  </wall>
  <wall id='wall53' level='level1' wallAtStart='wall52' wallAtEnd='wall54' xStart='371.47113' yStart='-536.46484' xEnd='371.47113' yEnd='-649.5094' height='100.0' thickness='30.0' pattern='hatchUp' leftSideColor='FFFBFF8E' rightSideColor='FFFBFF8E'/>
  <wall id='wall54' level='level1' wallAtStart='wall53' wallAtEnd='wall48' xStart='371.47113' yStart='-649.5094' xEnd='371.47113' yEnd='-1053.3126' height='100.0' thickness='30.0' pattern='hatchUp' leftSideColor='FFFBFF8E' rightSideColor='FFFBFF8E'>
    <baseboard attribute='rightSideBaseboard' thickness='1.0' height='7.0'>
      <texture name='Graue Fliesen' creator='eTeks' catalogId='eTeks#greyTile' width='31.5' height='31.5' image='108'/>
    </baseboard>
  </wall>
  <wall id='wall55' level='level3' wallAtEnd='wall56' xStart='371.3808' yStart='-755.6834' xEnd='21.380798' yEnd='-755.6834' height='250.0' thickness='20.0' pattern='hatchUp'/>
  <wall id='wall56' level='level3' wallAtStart='wall55' wallAtEnd='wall57' xStart='21.380798' yStart='-755.6834' xEnd='21.380798' yEnd='-1154.6833' height='250.0' thickness='20.0' pattern='hatchUp'/>
  <wall id='wall57' level='level3' wallAtStart='wall56' xStart='21.380798' yStart='-1154.6833' xEnd='371.3808' yEnd='-1154.6833' height='250.0' thickness='20.0' pattern='hatchUp'/>
  <wall id='wall58' level='level1' wallAtEnd='wall59' xStart='371.47113' yStart='-756.1077' xEnd='21.47113' yEnd='-756.1077' height='100.0' thickness='20.0' pattern='hatchUp' leftSideColor='FFFBFF8E' rightSideColor='FFFBFF8E'/>
  <wall id='wall59' level='level1' wallAtStart='wall58' wallAtEnd='wall60' xStart='21.47113' yStart='-756.1077' xEnd='21.47113' yEnd='-1155.1077' height='100.0' thickness='20.0' pattern='hatchUp' leftSideColor='FFFBFF8E' rightSideColor='FFFBFF8E'/>
  <wall id='wall60' level='level1' wallAtStart='wall59' xStart='21.47113' yStart='-1155.1077' xEnd='371.47113' yEnd='-1155.1077' height='100.0' thickness='20.0' pattern='hatchUp' leftSideColor='FFFBFF8E' rightSideColor='FFFBFF8E'/>
  <wall id='wall61' level='level2' wallAtStart='wall64' wallAtEnd='wall63' xStart='2.070543' yStart='-0.4910164' xEnd='1601.0256' yEnd='4.4335938' height='40.0' thickness='20.0' pattern='hatchUp'/>
  <wall id='wall62' level='level2' wallAtStart='wall63' wallAtEnd='wall64' xStart='1813.5051' yStart='-4148.0645' xEnd='-241.2372' yEnd='-4201.3228' height='40.0' thickness='20.0' pattern='hatchUp'/>
  <wall id='wall63' level='level2' wallAtStart='wall61' wallAtEnd='wall62' xStart='1601.0256' yStart='4.4335938' xEnd='1813.5051' yEnd='-4148.0645' height='40.0' thickness='20.0' pattern='hatchUp'/>
  <wall id='wall64' level='level2' wallAtStart='wall62' wallAtEnd='wall61' xStart='-241.2372' yStart='-4201.3228' xEnd='2.070543' yEnd='-0.4910164' height='40.0' thickness='20.0' pattern='hatchUp'/>
  <room level='level4' areaVisible='true'>
    <texture attribute='floorTexture' name='Holzfußboden' creator='eTeks' catalogId='eTeks#woodenFloor' width='42.5' height='42.5' image='106'/>
    <point x='749.22955' y='-1436.7395'/>
    <point x='749.22955' y='-1059.5284'/>
    <point x='386.2138' y='-1059.5284'/>
    <point x='386.2138' y='-1436.7395'/>
  </room>
  <room level='level4' areaVisible='true'>
    <texture attribute='floorTexture' name='Holzfußboden' creator='eTeks' catalogId='eTeks#woodenFloor' width='42.5' height='42.5' image='106'/>
    <point x='1122.2139' y='-1436.7395'/>
    <point x='1122.2139' y='-1059.5284'/>
    <point x='849.2138' y='-1059.5284'/>
    <point x='849.2138' y='-1046.5284'/>
    <point x='1122.2139' y='-1046.5284'/>
    <point x='1122.2139' y='-836.35754'/>
    <point x='762.22955' y='-836.35754'/>
    <point x='762.22955' y='-1436.7395'/>
  </room>
  <room level='level4' areaVisible='true'>
    <texture attribute='floorTexture' name='Holzfußboden' creator='eTeks' catalogId='eTeks#woodenFloor' width='42.5' height='42.5' image='106'/>
    <point x='749.22955' y='-1046.5284'/>
    <point x='749.22955' y='-688.48755'/>
    <point x='595.7962' y='-688.4883'/>
    <point x='596.7138' y='-775.68066'/>
    <point x='578.22955' y='-775.68066'/>
    <point x='578.2295' y='-1044.3374'/>
  </room>
  <room level='level4' areaVisible='true'>
    <texture attribute='floorTexture' name='Beige Fliesen' creator='eTeks' catalogId='eTeks#beigeTile' width='20.0' height='20.0' image='107'/>
    <point x='583.7138' y='-762.68066'/>
    <point x='583.7138' y='-675.4883'/>
    <point x='749.22955' y='-675.48755'/>
    <point x='748.877' y='-385.7395'/>
    <point x='386.2138' y='-385.7395'/>
    <point x='386.2138' y='-536.18066'/>
    <point x='386.2138' y='-649.2252'/>
    <point x='386.2138' y='-762.68066'/>
    <point x='499.90875' y='-762.68066'/>
    <point x='499.90875' y='-598.18066'/>
    <point x='512.90875' y='-598.18066'/>
    <point x='512.90875' y='-762.68066'/>
  </room>
  <room level='level4' areaVisible='true'>
    <texture attribute='floorTexture' name='Holzfußboden' creator='eTeks' catalogId='eTeks#woodenFloor' width='42.5' height='42.5' image='106'/>
    <point x='1124.1978' y='-824.3495'/>
    <point x='1124.1978' y='-386.73145'/>
    <point x='764.21344' y='-386.73145'/>
    <point x='764.21344' y='-824.3495'/>
  </room>
  <room level='level3' areaVisible='true' ceilingColor='FFFFFFFF'>
    <texture attribute='floorTexture' name='Graue Fliesen' creator='eTeks' catalogId='eTeks#greyTile' width='31.5' height='31.5' image='108'/>
    <point x='386.3808' y='-1046.3883'/>
    <point x='386.3808' y='-655.5851'/>
    <point x='578.39655' y='-655.5851'/>
    <point x='578.39655' y='-664.02625'/>
    <point x='584.9213' y='-664.02625'/>
    <point x='584.9213' y='-756.2301'/>
    <point x='578.39655' y='-756.2301'/>
    <point x='578.39655' y='-762.5405'/>
    <point x='524.89655' y='-762.5405'/>
    <point x='524.89655' y='-775.5405'/>
    <point x='591.39655' y='-775.5405'/>
    <point x='591.39655' y='-638.7435'/>
    <point x='584.87134' y='-638.7435'/>
    <point x='584.87134' y='-546.53973'/>
    <point x='591.39655' y='-546.53973'/>
    <point x='591.39655' y='-529.5405'/>
    <point x='386.3808' y='-529.5405'/>
    <point x='386.3808' y='-385.59937'/>
    <point x='582.7915' y='-385.59937'/>
    <point x='582.7915' y='-370.57428'/>
    <point x='684.62976' y='-370.57428'/>
    <point x='684.62976' y='-385.59937'/>
    <point x='749.39655' y='-385.59937'/>
    <point x='749.39655' y='-1046.3883'/>
  </room>
  <room level='level3' areaVisible='true'>
    <texture attribute='floorTexture' name='Graue Fliesen' creator='eTeks' catalogId='eTeks#greyTile' width='31.5' height='31.5' image='108'/>
    <point x='762.6439' y='-645.5913'/>
    <point x='1122.6282' y='-645.5913'/>
    <point x='1123.6201' y='-385.59937'/>
    <point x='762.6439' y='-385.59933'/>
  </room>
  <room level='level3' areaVisible='true'>
    <texture attribute='floorTexture' name='Holzfußboden' creator='eTeks' catalogId='eTeks#woodenFloor' width='42.5' height='42.5' image='106'/>
    <point x='1123.3728' y='-1437.5913'/>
    <point x='1123.3728' y='-645.5913'/>
    <point x='749.044' y='-645.5913'/>
    <point x='749.39655' y='-1059.3883'/>
    <point x='387.3728' y='-1060.3802'/>
    <point x='387.3728' y='-1437.5913'/>
  </room>
  <room level='level3' areaVisible='true'>
    <point x='356.3808' y='-1144.6833'/>
    <point x='356.3808' y='-1052.8883'/>
    <point x='356.3808' y='-765.6834'/>
    <point x='31.380798' y='-765.6834'/>
    <point x='31.380798' y='-1144.6833'/>
  </room>
</home>